{
  "n": 1000,
  "composition_match_rate": 1.0,
  "rmsd_mean": 0.21121594400174032,
  "rmsd_median": 0.24657294390130452,
  "match_rate (StructureMatcher)": 0.016,
  "rwp_mean": 7.566423121679767,
  "pearson_mean": 0.42490551609145594,
  "headline_all_correct": 0.002,
  "sg_match@0.01": 0.017,
  "sg_match@0.05": 0.016,
  "sg_match@0.1": 0.017,
  "sg_match@0.2": 0.014,
  "config": {
    "ckpt": "runs/gpu_v13/ckpt_079500.pt",
    "n": 1000,
    "true_lattice": true,
    "n_samples": 1,
    "ensemble_eta": 0.0,
    "refine_steps": 0,
    "refine_lr": 0.001,
    "refine_lattice": false,
    "ddim_steps": 50,
    "eta": 0.0
  }
}
