{
  "n": 1000,
  "composition_match_rate": 1.0,
  "rmsd_mean": 0.13311409146666672,
  "rmsd_median": 0.12627482052618974,
  "match_rate (StructureMatcher)": 0.068,
  "rwp_mean": 5.317633121244781,
  "pearson_mean": 0.6944465426430302,
  "headline_all_correct": 0.006,
  "sg_match@0.01": 0.017,
  "sg_match@0.05": 0.018,
  "sg_match@0.1": 0.021,
  "sg_match@0.2": 0.02,
  "config": {
    "ckpt": "runs/gpu_v13/ckpt_079500.pt",
    "n": 1000,
    "true_lattice": true,
    "n_samples": 20,
    "ensemble_eta": 0.0,
    "refine_steps": 200,
    "refine_lr": 0.001,
    "refine_lattice": false,
    "ddim_steps": 50,
    "eta": 0.0
  }
}
