{
  "n": 300,
  "composition_match_rate": 1.0,
  "rmsd_mean": 0.2656512789976077,
  "rmsd_median": 0.2656512789976077,
  "match_rate (StructureMatcher)": 0.0033333333333333335,
  "rwp_mean": 16.325587921186102,
  "pearson_mean": 0.041847572402731285,
  "headline_all_correct": 0.0,
  "sg_match@0.01": 0.016666666666666666,
  "sg_match@0.05": 0.016666666666666666,
  "sg_match@0.1": 0.02,
  "sg_match@0.2": 0.016666666666666666,
  "config": {
    "ckpt": "runs/gpu_v21_p9/ckpt_final.pt",
    "n": 300,
    "true_lattice": false,
    "lat_from_aux": false,
    "lat_from_index": "paper/phase9_results/perturb/sl1.0_sa0.json",
    "lat_from_index_topk": null,
    "samples_per_cell": 4,
    "sg_constrain_lat": false,
    "noise_aug_eval": false,
    "n_samples": 20,
    "ensemble_eta": 0.0,
    "refine_steps": 200,
    "refine_lr": 0.001,
    "refine_lattice": false,
    "ddim_steps": 50,
    "eta": 0.0
  }
}